user-name,clean_content,related_video,related_pics
Zuå°zu,æ•‘å‘½å•Šï¼æ¯äº²æ±‚åŠ©å¾®åšç¬¬äº”å¤©äº†ï¼Œè™½ç„¶æœ‰çƒ­å¿ƒç›¸åŠ©çš„æ©äººå¸®å¿™æŒ‡è·¯ã€‚ç»æœ›çš„æ˜¯æœ€ç»ˆä¾æ—§æ²¡æœ‰ä»»ä½•åŒ»é™¢èƒ½æ”¶æ²»æˆ‘ä»¬ï¼Œå‡ºçœæ›´æ˜¯å ªæ¯”ç™»å¤©ï¼æˆ‘ä»¬åªèƒ½åœ¨å®¶é‡Œçœ¼æ³ªæµå¹²ï¼Œä»€ä¹ˆéƒ½åšä¸äº†å•Šï¼  å¯¹äºé£æ¥æ¨ªç¥¸çš„æ™®é€šè€ç™¾å§“ï¼Œä¸€æ¡å‘½ç®—ä»€ä¹ˆï¼Ÿè¼èšä¸€èˆ¬è€Œå·²ï¼æˆ‘ä»¬å“ªé‡Œæ˜¯åœ¨äººé—´ï¼Ÿæˆ‘ä»¬åˆ†æ˜å°±æ˜¯åœ¨åœ°ç‹±ï¼@æ€¥è¯Šå¤œé¹° @å¤®è§†æ–°é—»,{},{}
Zuå°zu,æˆ‘æ¯äº²æ±‚åŠ©å¾®åšä¸‰å¤©äº†ï¼Œè™½ç„¶æœ‰çƒ­å¿ƒç›¸åŠ©çš„æ©äººå¸®å¿™æŒ‡è·¯ã€‚äº‹å®æœ€ç»ˆä¾æ—§æ²¡æœ‰ä»»ä½•åŒ»é™¢èƒ½æ”¶æ²»æˆ‘ä»¬ï¼Œå‡ºçœæ›´æ˜¯å ªæ¯”ç™»å¤©ï¼æˆ‘ä»¬åªèƒ½åœ¨å®¶é‡Œç»æœ›åˆ°æ— æ³•å‘¼å¸ï¼Œçœ¼æ³ªæµå¹²ï¼Œä»€ä¹ˆéƒ½åšä¸äº†å•Šï¼ï¼ï¼  å¯¹äºé£æ¥æ¨ªç¥¸çš„æ™®é€šè€ç™¾å§“ï¼Œä¸€æ¡å‘½ç®—ä»€ä¹ˆï¼Ÿè¼èšä¸€èˆ¬è€Œå·²ï¼ï¼æˆ‘ä»¬å“ªé‡Œæ˜¯åœ¨äººé—´ï¼Ÿæˆ‘ä»¬åˆ†æ˜å°±æ˜¯åœ¨åœ°ç‹±å•Šï¼,{},{}
Zuå°zu,ç»æœ›å•Šï¼æ±‚åŠ©å¾®åš5å¤©äº†ï¼Œä¸è®ºæ˜¯å¸‚é•¿çƒ­çº¿è¿˜æ˜¯æ€¥æ•‘120è¿˜æ˜¯å«ç”Ÿå¥å§”ç­‰æ— æ•°ç½‘ç»œæ±‚åŠ©å¹³å° ç”šè‡³æ‰€æœ‰çš„åŒ»é™¢æˆ‘ä»¬éƒ½æ±‚éäº†ã€‚æ²¡æœ‰ä»»ä½•å¹³å°èƒ½æ•‘æ²»æˆ‘ä»¬ï¼Œæ¯äº²ä¾ç„¶åªèƒ½åœ¨å®¶é‡Œç»æœ›çš„ç­‰å¾…ã€‚æ•‘æˆ‘çš„æ¯äº²å•Šï¼ï¼æˆ‘çš„æ‰‹æœºå·:13971576637æ¯äº²äºå…ƒæœˆ3æ—¥åœ¨æ±‰å£åŒæµåŒ»é™¢ä½é™¢ç­‰å¾…æ’é™¤èƒ†å›Šè‚¿ç˜¤çš„æ‰‹æœ¯ï¼Œå› æ‰‹æœ¯æ‚£è€…å¤ªå¤šåŒ»ç”Ÿè®©æˆ‘ä»¬äºå…ƒæœˆ15å·å…ˆå‡ºé™¢ç­‰å¤§å¹´åˆä¸ƒå†æ¥æ‰‹æœ¯ã€‚ç»“æœåˆå…­å¾—çŸ¥åŒæµåŒ»é™¢å…¨éƒ¨è¢«å‘çƒ­ç—…äººå¾ç”¨ï¼Œæ— æ³•æ‰‹æœ¯ï¼Œå…·ä½“æ‰‹æœ¯æ—¶é—´åªèƒ½ç­‰é€šçŸ¥ã€‚å½“æ—¶æˆ‘ä»¬æƒ³ç€ç‰¹æ®Šæ—¶æœŸåªè¦èº«ä½“èƒ½æ‰¿å—å°±åªèƒ½å…ˆç­‰ç€å§ã€‚è°çŸ¥æœ€è¿‘æ¯äº²ç—…æƒ…åŠ å‰§ï¼Œè…¹ç—›éš¾å¿ï¼Œå…¨èº«å‘é»„ä¸¥é‡ã€‚æˆ‘åœ¨å¥½å¤§å¤«åœ¨çº¿è”ç³»åˆ°å½“æ—¶ç»™æ¯äº²ä¼šè¯Šçš„ç”³æ•™æˆï¼Œæ•™æˆå‘Šè¯‰æˆ‘å¿…é¡»å°½å¿«å¸¦æ¯äº²æ‰¾åŒ»é™¢åšä¸€ä¸ªPTCDç»çš®è‚å†…èƒ†ç®¡ç©¿åˆºå¼•æµçš„æ‰‹æœ¯ï¼Œæ‰èƒ½è®©ç—…æƒ…ä¸å†ç»§ç»­æ¶åŒ–ã€‚è°çŸ¥è¿ç»­4å¤©æ‰“äº†æ— æ•°åŒ»é™¢ç”µè¯éƒ½è¢«å‘ŠçŸ¥ç–«æƒ…æœŸé—´æ‰€æœ‰æ‰‹æœ¯éƒ½åœæ‘†ï¼Œä¸æ¥ç—…äººï¼Œä¸æ¥æ‰‹æœ¯ï¼åˆæ‰“äº†æ— æ•°ä¸ªå¸‚é•¿çƒ­çº¿ã€å¸‚å«å¥å§”ã€æŒ‡æŒ¥ä¸­å¿ƒã€ç¤¾åŒºç­‰å„éƒ¨é—¨ç”µè¯ï¼Œéƒ½è¯´ç°åœ¨åªèƒ½ç®¡æ–°å† è‚ºç‚ç—…äººï¼Œå…¶ä»–ç—…äººéƒ½åªèƒ½è®©è·¯ï¼Œåªèƒ½ç­‰ç–«æƒ…ç»“æŸç­‰é€šçŸ¥ï¼ï¼æœ‰å¥½å¿ƒçš„åŒ»åŠ¡å·¥ä½œäººå‘˜å‘Šè¯‰æˆ‘:ç°åœ¨å°±æ˜¯å¤©ç¾ï¼Œå¾ˆå¤šåƒä½ æ¯äº²è¿™æ ·çš„ç—…äººéƒ½æ— æ³•å¾—åˆ°æ•‘æ²»ï¼Œç°åœ¨åªèƒ½ç®¡æ–°å† ç—…äººï¼Œå…¶ä»–ç—…äººåªèƒ½ç­‰ï¼ç–«æƒ…æœŸé—´å¤§å®¶éƒ½éš¾ç†¬ï¼Œæˆ‘ä»¬å·²ç»è‡ªæˆ‘éš”ç¦»19å¤©æ²¡æœ‰æ„ŸæŸ“æ–°å† ç—…æ¯’ï¼ä½†æ˜¯æˆ‘æ¯äº²çš„å‘½ä¹Ÿæ˜¯ä¸€æ¡ç”Ÿå‘½å•Šï¼Œæˆ‘ä»¬éš¾é“å°±è¦è¿™æ ·çœ¼çççš„çœ‹ç€æ¯äº²ç¦»å¼€æˆ‘ä»¬ä¹ˆï¼Ÿæˆ‘æ¯äº²æ‰63å²å•Šï¼æ¯äº²æœ¬æ¥æ‚£æœ‰å¤šç§åŸºç¡€ç–¾ç—…ï¼Œç»ä¸èµ·æŠ˜è…¾äº†ã€‚ç›®å‰æ¯äº²ç”Ÿæ­»æ”¸å…³ï¼Œæ€¥éœ€åŠ¨æ‰‹æœ¯ï¼ï¼/**/ æ±‚å¥½å¿ƒäººå¸®å¿™æ‰©æ•£ï¼Œè”ç³»ç›¸å…³æ¸ é“å’Œå¯åšæ­¤ç©¿åˆºæ‰‹æœ¯çš„åŒ»é™¢ï¼ï¼ï¼ï¼å®åœ¨æ±‚åŠ©æ— é—¨äº†ï¼Œæ±‚åŠ©å¾®åšå¥½å¿ƒäººå¸®å¸®æˆ‘ä»¬ï¼@æ¥å»ä¹‹é—´ @æ¬¡å›é¹³ @å†…è—¤å›å’Œè¥¿ç“œé…± @åå’ŒåŒ»ç”ŸDoå…ˆç”Ÿ @æˆ‘ä¸æ˜¯è°¦å“¥å„¿ @ä¸‰è”ç”Ÿæ´»å‘¨åˆŠ @å¤®è§†æ–°é—» @äººæ°‘æ—¥æŠ¥  @æ€¥è¯Šå¤œé¹° @ä»“é…±_ @ç«¥ä¹‹ä¼Ÿ @ä¾ å®¢å²› @æ­¦æ±‰å¸‚é•¿ä¸“çº¿ @å¤´æ¡æ–°é—»  @å‡¤å‡°ç½‘ @æ­¦æ±‰å¸‚å«ç”Ÿå¥åº·å§”å‘˜ä¼š @æˆ‘ä¸æ˜¯è°¦å“¥å„¿ @é•¿æ±Ÿæ—¥æŠ¥  @ç³–å‘—å¼ ä¸æ–‡    @åå’ŒåŒ»ç”ŸDoå…ˆç”Ÿ @ç³–å‘—å¼ ä¸æ–‡,{},"[{'pid': 'a469cbf9gy1gbkrk45uz2j20u0140jta', 'url': 'https://wx1.sinaimg.cn/orj360/a469cbf9gy1gbkrk45uz2j20u0140jta.jpg', 'size': 'orj360', 'geo': {'width': 360, 'height': 480, 'croped': False}, 'large': {'size': 'large', 'url': 'https://wx1.sinaimg.cn/large/a469cbf9gy1gbkrk45uz2j20u0140jta.jpg', 'geo': {'width': '1080', 'height': '1440', 'croped': False}}}, {'pid': 'a469cbf9gy1gbkrk4s939j20u0140tdo', 'url': 'https://wx3.sinaimg.cn/orj360/a469cbf9gy1gbkrk4s939j20u0140tdo.jpg', 'size': 'orj360', 'geo': {'width': 360, 'height': 480, 'croped': False}, 'large': {'size': 'large', 'url': 'https://wx3.sinaimg.cn/large/a469cbf9gy1gbkrk4s939j20u0140tdo.jpg', 'geo': {'width': '1080', 'height': '1440', 'croped': False}}}, {'pid': 'a469cbf9gy1gbkrk5fq8zj20v91voqee', 'url': 'https://wx3.sinaimg.cn/orj360/a469cbf9gy1gbkrk5fq8zj20v91voqee.jpg', 'size': 'orj360', 'geo': {'width': 360, 'height': 779, 'croped': False}, 'large': {'size': 'large', 'url': 'https://wx3.sinaimg.cn/large/a469cbf9gy1gbkrk5fq8zj20v91voqee.jpg', 'geo': {'width': '1125', 'height': '2436', 'croped': False}}}, {'pid': 'a469cbf9gy1gbpae53qknj20pt1hc1jj', 'url': 'https://wx3.sinaimg.cn/orj360/a469cbf9gy1gbpae53qknj20pt1hc1jj.jpg', 'size': 'orj360', 'geo': {'width': 360, 'height': 744, 'croped': False}, 'large': {'size': 'large', 'url': 'https://wx3.sinaimg.cn/large/a469cbf9gy1gbpae53qknj20pt1hc1jj.jpg', 'geo': {'width': '929', 'height': '1920', 'croped': False}}}, {'pid': 'a469cbf9gy1gbpae5rjr1j20v91vohcr', 'url': 'https://wx1.sinaimg.cn/orj360/a469cbf9gy1gbpae5rjr1j20v91vohcr.jpg', 'size': 'orj360', 'geo': {'width': 360, 'height': 779, 'croped': False}, 'large': {'size': 'large', 'url': 'https://wx1.sinaimg.cn/large/a469cbf9gy1gbpae5rjr1j20v91vohcr.jpg', 'geo': {'width': '1125', 'height': '2436', 'croped': False}}}]"
Zuå°zu,æˆ‘å‘è¡¨äº†å¤´æ¡æ–‡ç« :ã€Šè¶³ä¸å‡ºæˆ·ç¬¬åäºŒå¤©ï¼ã€‹  ,{},{}
Zuå°zu,æˆ‘å‘è¡¨äº†å¤´æ¡æ–‡ç« :ã€Šè¶³ä¸å‡ºæˆ·ç¬¬å…­å¤©äº†ï¼ã€‹  ,{},{}
Zuå°zu,ä»Šå¤©çœŸçš„åªæ˜¯åˆä¸‰ä¹ˆï¼Ÿä»å°åŸåˆ°ä»Šæ—¥ï¼Œä¸€ä¸ªç¤¼æ‹œä¸åˆ°çš„æ—¶é—´ä»¿ä½›ä¸€ä¸ªä¸–çºªï¼Œåº¦æ—¥å¦‚å¹´å•Šï¼ ,{},{}
Zuå°zu,æªå¿ƒã€‚,{},{}
Zuå°zu,è½¬å‘å¾®åš,{},{}
Zuå°zu,å°åŸäº†ã€‚åšå¥½è‡ªæˆ‘é˜²æŠ¤ã€‚,{},{}
Zuå°zu,æ¯ä¸ªäººéƒ½éœ€è¦æœªé›¨ç»¸ç¼ªï¼Œè¿œç¦»é‡å‘³ï¼Œä¸å‡‘çƒ­é—¹ï¼Œåšå¥½é˜²æŠ¤ã€‚è¶Šå°‘äººæ„ŸæŸ“ï¼Œçªå˜å‡ºé«˜è‡´ç—…æ€§æŒç»­äººä¼ äººæ¯’æ ªçš„å‡ ç‡å°±è¶Šå°ã€‚ä¿æŠ¤æˆ‘ä»¬è‡ªå·±ï¼Œä¹Ÿå°±æ˜¯ä¿æŠ¤äº†å®¶äººã€æœ‹å‹ä»¥åŠæ‰€æœ‰äººã€‚,{},{}
Zuå°zu,å‘¨æœ«æ„‰å¿«ã€‚ ,{},"[{'pid': 'a469cbf9ly1galnbops0lj210e0wwnjx', 'url': 'https://wx4.sinaimg.cn/orj360/a469cbf9ly1galnbops0lj210e0wwnjx.jpg', 'size': 'orj360', 'geo': {'width': 298, 'height': 270, 'croped': False}, 'large': {'size': 'large', 'url': 'https://wx4.sinaimg.cn/large/a469cbf9ly1galnbops0lj210e0wwnjx.jpg', 'geo': {'width': '1310', 'height': '1184', 'croped': False}}}, {'pid': 'a469cbf9ly1galnbugexzj21dc0wwh3m', 'url': 'https://wx3.sinaimg.cn/orj360/a469cbf9ly1galnbugexzj21dc0wwh3m.jpg', 'size': 'orj360', 'geo': {'width': 405, 'height': 270, 'croped': False}, 'large': {'size': 'large', 'url': 'https://wx3.sinaimg.cn/large/a469cbf9ly1galnbugexzj21dc0wwh3m.jpg', 'geo': {'width': '1776', 'height': '1184', 'croped': False}}}, {'pid': 'a469cbf9ly1galnbt60erj20wy0wwdst', 'url': 'https://wx2.sinaimg.cn/orj360/a469cbf9ly1galnbt60erj20wy0wwdst.jpg', 'size': 'orj360', 'geo': {'width': 270, 'height': 270, 'croped': False}, 'large': {'size': 'large', 'url': 'https://wx2.sinaimg.cn/large/a469cbf9ly1galnbt60erj20wy0wwdst.jpg', 'geo': {'width': '1186', 'height': '1184', 'croped': False}}}, {'pid': 'a469cbf9ly1galnbv9857j217j0wwgzh', 'url': 'https://wx3.sinaimg.cn/orj360/a469cbf9ly1galnbv9857j217j0wwgzh.jpg', 'size': 'orj360', 'geo': {'width': 357, 'height': 270, 'croped': False}, 'large': {'size': 'large', 'url': 'https://wx3.sinaimg.cn/large/a469cbf9ly1galnbv9857j217j0wwgzh.jpg', 'geo': {'width': '1567', 'height': '1184', 'croped': False}}}, {'pid': 'a469cbf9ly1galnbpyq4uj20wp0wph7o', 'url': 'https://wx2.sinaimg.cn/orj360/a469cbf9ly1galnbpyq4uj20wp0wph7o.jpg', 'size': 'orj360', 'geo': {'width': 360, 'height': 360, 'croped': False}, 'large': {'size': 'large', 'url': 'https://wx2.sinaimg.cn/large/a469cbf9ly1galnbpyq4uj20wp0wph7o.jpg', 'geo': {'width': '1177', 'height': '1177', 'croped': False}}}, {'pid': 'a469cbf9ly1galnbwfnevj20wp0wpdzp', 'url': 'https://wx2.sinaimg.cn/orj360/a469cbf9ly1galnbwfnevj20wp0wpdzp.jpg', 'size': 'orj360', 'geo': {'width': 360, 'height': 360, 'croped': False}, 'large': {'size': 'large', 'url': 'https://wx2.sinaimg.cn/large/a469cbf9ly1galnbwfnevj20wp0wpdzp.jpg', 'geo': {'width': '1177', 'height': '1177', 'croped': False}}}, {'pid': 'a469cbf9ly1galnbnrtshj21dc0wwnl8', 'url': 'https://wx2.sinaimg.cn/orj360/a469cbf9ly1galnbnrtshj21dc0wwnl8.jpg', 'size': 'orj360', 'geo': {'width': 405, 'height': 270, 'croped': False}, 'large': {'size': 'large', 'url': 'https://wx2.sinaimg.cn/large/a469cbf9ly1galnbnrtshj21dc0wwnl8.jpg', 'geo': {'width': '1776', 'height': '1184', 'croped': False}}}, {'pid': 'a469cbf9ly1galnbxj7h7j21dc0ww4ii', 'url': 'https://wx1.sinaimg.cn/orj360/a469cbf9ly1galnbxj7h7j21dc0ww4ii.jpg', 'size': 'orj360', 'geo': {'width': 405, 'height': 270, 'croped': False}, 'large': {'size': 'large', 'url': 'https://wx1.sinaimg.cn/large/a469cbf9ly1galnbxj7h7j21dc0ww4ii.jpg', 'geo': {'width': '1776', 'height': '1184', 'croped': False}}}, {'pid': 'a469cbf9ly1galndn78bmj21dc0ww4e3', 'url': 'https://wx4.sinaimg.cn/orj360/a469cbf9ly1galndn78bmj21dc0ww4e3.jpg', 'size': 'orj360', 'geo': {'width': 405, 'height': 270, 'croped': False}, 'large': {'size': 'large', 'url': 'https://wx4.sinaimg.cn/large/a469cbf9ly1galndn78bmj21dc0ww4e3.jpg', 'geo': {'width': '1776', 'height': '1184', 'croped': False}}}]"
Zuå°zu,æ–°å¹´å¿«ä¹ï¼ ,{},"[{'pid': 'a469cbf9gy1gah63dvzk4j21dc0wwdwk', 'url': 'https://wx1.sinaimg.cn/orj360/a469cbf9gy1gah63dvzk4j21dc0wwdwk.jpg', 'size': 'orj360', 'geo': {'width': 405, 'height': 270, 'croped': False}, 'large': {'size': 'large', 'url': 'https://wx1.sinaimg.cn/large/a469cbf9gy1gah63dvzk4j21dc0wwdwk.jpg', 'geo': {'width': '1776', 'height': '1184', 'croped': False}}}, {'pid': 'a469cbf9gy1gah63elel4j20wy0wwwob', 'url': 'https://wx2.sinaimg.cn/orj360/a469cbf9gy1gah63elel4j20wy0wwwob.jpg', 'size': 'orj360', 'geo': {'width': 270, 'height': 270, 'croped': False}, 'large': {'size': 'large', 'url': 'https://wx2.sinaimg.cn/large/a469cbf9gy1gah63elel4j20wy0wwwob.jpg', 'geo': {'width': '1186', 'height': '1184', 'croped': False}}}, {'pid': 'a469cbf9gy1gah63d6t7jj21dc0wwasm', 'url': 'https://wx4.sinaimg.cn/orj360/a469cbf9gy1gah63d6t7jj21dc0wwasm.jpg', 'size': 'orj360', 'geo': {'width': 405, 'height': 270, 'croped': False}, 'large': {'size': 'large', 'url': 'https://wx4.sinaimg.cn/large/a469cbf9gy1gah63d6t7jj21dc0wwasm.jpg', 'geo': {'width': '1776', 'height': '1184', 'croped': False}}}, {'pid': 'a469cbf9gy1gah63ikk5cj21dc0wwwu3', 'url': 'https://wx4.sinaimg.cn/orj360/a469cbf9gy1gah63ikk5cj21dc0wwwu3.jpg', 'size': 'orj360', 'geo': {'width': 405, 'height': 270, 'croped': False}, 'large': {'size': 'large', 'url': 'https://wx4.sinaimg.cn/large/a469cbf9gy1gah63ikk5cj21dc0wwwu3.jpg', 'geo': {'width': '1776', 'height': '1184', 'croped': False}}}, {'pid': 'a469cbf9gy1gah63h5abcj20wy0ww7eo', 'url': 'https://wx3.sinaimg.cn/orj360/a469cbf9gy1gah63h5abcj20wy0ww7eo.jpg', 'size': 'orj360', 'geo': {'width': 270, 'height': 270, 'croped': False}, 'large': {'size': 'large', 'url': 'https://wx3.sinaimg.cn/large/a469cbf9gy1gah63h5abcj20wy0ww7eo.jpg', 'geo': {'width': '1186', 'height': '1184', 'croped': False}}}, {'pid': 'a469cbf9gy1gah63g652jj21dc0wwtrf', 'url': 'https://wx4.sinaimg.cn/orj360/a469cbf9gy1gah63g652jj21dc0wwtrf.jpg', 'size': 'orj360', 'geo': {'width': 405, 'height': 270, 'croped': False}, 'large': {'size': 'large', 'url': 'https://wx4.sinaimg.cn/large/a469cbf9gy1gah63g652jj21dc0wwtrf.jpg', 'geo': {'width': '1776', 'height': '1184', 'croped': False}}}, {'pid': 'a469cbf9gy1gah6r15xv2j21dc0wwwwz', 'url': 'https://wx4.sinaimg.cn/orj360/a469cbf9gy1gah6r15xv2j21dc0wwwwz.jpg', 'size': 'orj360', 'geo': {'width': 405, 'height': 270, 'croped': False}, 'large': {'size': 'large', 'url': 'https://wx4.sinaimg.cn/large/a469cbf9gy1gah6r15xv2j21dc0wwwwz.jpg', 'geo': {'width': '1776', 'height': '1184', 'croped': False}}}, {'pid': 'a469cbf9gy1gah63fh79sj21dc0wwkbe', 'url': 'https://wx1.sinaimg.cn/orj360/a469cbf9gy1gah63fh79sj21dc0wwkbe.jpg', 'size': 'orj360', 'geo': {'width': 405, 'height': 270, 'croped': False}, 'large': {'size': 'large', 'url': 'https://wx1.sinaimg.cn/large/a469cbf9gy1gah63fh79sj21dc0wwkbe.jpg', 'geo': {'width': '1776', 'height': '1184', 'croped': False}}}, {'pid': 'a469cbf9gy1gah63hzexmj21dc0ww1at', 'url': 'https://wx3.sinaimg.cn/orj360/a469cbf9gy1gah63hzexmj21dc0ww1at.jpg', 'size': 'orj360', 'geo': {'width': 405, 'height': 270, 'croped': False}, 'large': {'size': 'large', 'url': 'https://wx3.sinaimg.cn/large/a469cbf9gy1gah63hzexmj21dc0ww1at.jpg', 'geo': {'width': '1776', 'height': '1184', 'croped': False}}}]"
Zuå°zu,è¶…çˆ±è¿™ä½åšä¸»ï¼Œå“å‘³æå¥½ã€‚,{},{}
Zuå°zu,èººåƒè¿½å‰§çš„å‘¨æœ«ï¼Œå¾ˆé±¼å—å’¯ã€‚ ,{},"[{'pid': 'a469cbf9gy1gadrwlgq2hj21dc0wwx3a', 'url': 'https://wx1.sinaimg.cn/orj360/a469cbf9gy1gadrwlgq2hj21dc0wwx3a.jpg', 'size': 'orj360', 'geo': {'width': 405, 'height': 270, 'croped': False}, 'large': {'size': 'large', 'url': 'https://wx1.sinaimg.cn/large/a469cbf9gy1gadrwlgq2hj21dc0wwx3a.jpg', 'geo': {'width': '1776', 'height': '1184', 'croped': False}}}, {'pid': 'a469cbf9gy1gadrwmo35vj21dc0wwtpi', 'url': 'https://wx1.sinaimg.cn/orj360/a469cbf9gy1gadrwmo35vj21dc0wwtpi.jpg', 'size': 'orj360', 'geo': {'width': 405, 'height': 270, 'croped': False}, 'large': {'size': 'large', 'url': 'https://wx1.sinaimg.cn/large/a469cbf9gy1gadrwmo35vj21dc0wwtpi.jpg', 'geo': {'width': '1776', 'height': '1184', 'croped': False}}}, {'pid': 'a469cbf9gy1gadrwnbp75j21dc0ww4bi', 'url': 'https://wx1.sinaimg.cn/orj360/a469cbf9gy1gadrwnbp75j21dc0ww4bi.jpg', 'size': 'orj360', 'geo': {'width': 405, 'height': 270, 'croped': False}, 'large': {'size': 'large', 'url': 'https://wx1.sinaimg.cn/large/a469cbf9gy1gadrwnbp75j21dc0ww4bi.jpg', 'geo': {'width': '1776', 'height': '1184', 'croped': False}}}, {'pid': 'a469cbf9gy1gadrwnwpzaj20wy0wwqmb', 'url': 'https://wx2.sinaimg.cn/orj360/a469cbf9gy1gadrwnwpzaj20wy0wwqmb.jpg', 'size': 'orj360', 'geo': {'width': 270, 'height': 270, 'croped': False}, 'large': {'size': 'large', 'url': 'https://wx2.sinaimg.cn/large/a469cbf9gy1gadrwnwpzaj20wy0wwqmb.jpg', 'geo': {'width': '1186', 'height': '1184', 'croped': False}}}, {'pid': 'a469cbf9gy1gadrwqcx28j21dc0ww15o', 'url': 'https://wx3.sinaimg.cn/orj360/a469cbf9gy1gadrwqcx28j21dc0ww15o.jpg', 'size': 'orj360', 'geo': {'width': 405, 'height': 270, 'croped': False}, 'large': {'size': 'large', 'url': 'https://wx3.sinaimg.cn/large/a469cbf9gy1gadrwqcx28j21dc0ww15o.jpg', 'geo': {'width': '1776', 'height': '1184', 'croped': False}}}, {'pid': 'a469cbf9gy1gadrwko670j21dc0wwtp6', 'url': 'https://wx4.sinaimg.cn/orj360/a469cbf9gy1gadrwko670j21dc0wwtp6.jpg', 'size': 'orj360', 'geo': {'width': 405, 'height': 270, 'croped': False}, 'large': {'size': 'large', 'url': 'https://wx4.sinaimg.cn/large/a469cbf9gy1gadrwko670j21dc0wwtp6.jpg', 'geo': {'width': '1776', 'height': '1184', 'croped': False}}}, {'pid': 'a469cbf9gy1gadrwojghzj20wy0ww13a', 'url': 'https://wx1.sinaimg.cn/orj360/a469cbf9gy1gadrwojghzj20wy0ww13a.jpg', 'size': 'orj360', 'geo': {'width': 270, 'height': 270, 'croped': False}, 'large': {'size': 'large', 'url': 'https://wx1.sinaimg.cn/large/a469cbf9gy1gadrwojghzj20wy0ww13a.jpg', 'geo': {'width': '1186', 'height': '1184', 'croped': False}}}, {'pid': 'a469cbf9gy1gadrwp6p3dj212k0wwwoh', 'url': 'https://wx2.sinaimg.cn/orj360/a469cbf9gy1gadrwp6p3dj212k0wwwoh.jpg', 'size': 'orj360', 'geo': {'width': 316, 'height': 270, 'croped': False}, 'large': {'size': 'large', 'url': 'https://wx2.sinaimg.cn/large/a469cbf9gy1gadrwp6p3dj212k0wwwoh.jpg', 'geo': {'width': '1388', 'height': '1184', 'croped': False}}}, {'pid': 'a469cbf9gy1gadrwptrvzj21dc0wwapj', 'url': 'https://wx1.sinaimg.cn/orj360/a469cbf9gy1gadrwptrvzj21dc0wwapj.jpg', 'size': 'orj360', 'geo': {'width': 405, 'height': 270, 'croped': False}, 'large': {'size': 'large', 'url': 'https://wx1.sinaimg.cn/large/a469cbf9gy1gadrwptrvzj21dc0wwapj.jpg', 'geo': {'width': '1776', 'height': '1184', 'croped': False}}}]"
Zuå°zu,å‘¨æœ«é±¼å—å‘€ã€‚ ,{},"[{'pid': 'a469cbf9gy1ga5kpwf8paj21dc0wwnhu', 'url': 'https://wx4.sinaimg.cn/orj360/a469cbf9gy1ga5kpwf8paj21dc0wwnhu.jpg', 'size': 'orj360', 'geo': {'width': 405, 'height': 270, 'croped': False}, 'large': {'size': 'large', 'url': 'https://wx4.sinaimg.cn/large/a469cbf9gy1ga5kpwf8paj21dc0wwnhu.jpg', 'geo': {'width': '1776', 'height': '1184', 'croped': False}}}, {'pid': 'a469cbf9gy1ga5kpxfzj3j21dc0ww7h3', 'url': 'https://wx1.sinaimg.cn/orj360/a469cbf9gy1ga5kpxfzj3j21dc0ww7h3.jpg', 'size': 'orj360', 'geo': {'width': 405, 'height': 270, 'croped': False}, 'large': {'size': 'large', 'url': 'https://wx1.sinaimg.cn/large/a469cbf9gy1ga5kpxfzj3j21dc0ww7h3.jpg', 'geo': {'width': '1776', 'height': '1184', 'croped': False}}}, {'pid': 'a469cbf9gy1ga5ks5xy15j21dc0wwh4q', 'url': 'https://wx2.sinaimg.cn/orj360/a469cbf9gy1ga5ks5xy15j21dc0wwh4q.jpg', 'size': 'orj360', 'geo': {'width': 405, 'height': 270, 'croped': False}, 'large': {'size': 'large', 'url': 'https://wx2.sinaimg.cn/large/a469cbf9gy1ga5ks5xy15j21dc0wwh4q.jpg', 'geo': {'width': '1776', 'height': '1184', 'croped': False}}}, {'pid': 'a469cbf9gy1ga5kptis4hj21dc0wwtpk', 'url': 'https://wx1.sinaimg.cn/orj360/a469cbf9gy1ga5kptis4hj21dc0wwtpk.jpg', 'size': 'orj360', 'geo': {'width': 405, 'height': 270, 'croped': False}, 'large': {'size': 'large', 'url': 'https://wx1.sinaimg.cn/large/a469cbf9gy1ga5kptis4hj21dc0wwtpk.jpg', 'geo': {'width': '1776', 'height': '1184', 'croped': False}}}, {'pid': 'a469cbf9gy1ga5kpxvqaej20wy0wwk1s', 'url': 'https://wx4.sinaimg.cn/orj360/a469cbf9gy1ga5kpxvqaej20wy0wwk1s.jpg', 'size': 'orj360', 'geo': {'width': 270, 'height': 270, 'croped': False}, 'large': {'size': 'large', 'url': 'https://wx4.sinaimg.cn/large/a469cbf9gy1ga5kpxvqaej20wy0wwk1s.jpg', 'geo': {'width': '1186', 'height': '1184', 'croped': False}}}, {'pid': 'a469cbf9gy1ga5kt81wzij21dc0wwqd0', 'url': 'https://wx2.sinaimg.cn/orj360/a469cbf9gy1ga5kt81wzij21dc0wwqd0.jpg', 'size': 'orj360', 'geo': {'width': 405, 'height': 270, 'croped': False}, 'large': {'size': 'large', 'url': 'https://wx2.sinaimg.cn/large/a469cbf9gy1ga5kt81wzij21dc0wwqd0.jpg', 'geo': {'width': '1776', 'height': '1184', 'croped': False}}}, {'pid': 'a469cbf9gy1ga5kpsggetj20wy0ww11a', 'url': 'https://wx1.sinaimg.cn/orj360/a469cbf9gy1ga5kpsggetj20wy0ww11a.jpg', 'size': 'orj360', 'geo': {'width': 270, 'height': 270, 'croped': False}, 'large': {'size': 'large', 'url': 'https://wx1.sinaimg.cn/large/a469cbf9gy1ga5kpsggetj20wy0ww11a.jpg', 'geo': {'width': '1186', 'height': '1184', 'croped': False}}}, {'pid': 'a469cbf9gy1ga5kpsy6sij21380wwdtp', 'url': 'https://wx1.sinaimg.cn/orj360/a469cbf9gy1ga5kpsy6sij21380wwdtp.jpg', 'size': 'orj360', 'geo': {'width': 321, 'height': 270, 'croped': False}, 'large': {'size': 'large', 'url': 'https://wx1.sinaimg.cn/large/a469cbf9gy1ga5kpsy6sij21380wwdtp.jpg', 'geo': {'width': '1412', 'height': '1184', 'croped': False}}}, {'pid': 'a469cbf9gy1ga5kqk0mc0j21dc0wwasa', 'url': 'https://wx4.sinaimg.cn/orj360/a469cbf9gy1ga5kqk0mc0j21dc0wwasa.jpg', 'size': 'orj360', 'geo': {'width': 405, 'height': 270, 'croped': False}, 'large': {'size': 'large', 'url': 'https://wx4.sinaimg.cn/large/a469cbf9gy1ga5kqk0mc0j21dc0wwasa.jpg', 'geo': {'width': '1776', 'height': '1184', 'croped': False}}}]"
Zuå°zu,å‘¨æœ«é±¼å—ã€‚ğŸ„ ,{},"[{'pid': 'a469cbf9gy1g9xeqtzjgbj213h0ww12z', 'url': 'https://wx4.sinaimg.cn/orj360/a469cbf9gy1g9xeqtzjgbj213h0ww12z.jpg', 'size': 'orj360', 'geo': {'width': 324, 'height': 270, 'croped': False}, 'large': {'size': 'large', 'url': 'https://wx4.sinaimg.cn/large/a469cbf9gy1g9xeqtzjgbj213h0ww12z.jpg', 'geo': {'width': '1421', 'height': '1184', 'croped': False}}}, {'pid': 'a469cbf9gy1g9xequgktuj21540wwgxd', 'url': 'https://wx3.sinaimg.cn/orj360/a469cbf9gy1g9xequgktuj21540wwgxd.jpg', 'size': 'orj360', 'geo': {'width': 337, 'height': 270, 'croped': False}, 'large': {'size': 'large', 'url': 'https://wx3.sinaimg.cn/large/a469cbf9gy1g9xequgktuj21540wwgxd.jpg', 'geo': {'width': '1480', 'height': '1184', 'croped': False}}}, {'pid': 'a469cbf9gy1g9xeqtepzhj20wy0ww7fm', 'url': 'https://wx1.sinaimg.cn/orj360/a469cbf9gy1g9xeqtepzhj20wy0ww7fm.jpg', 'size': 'orj360', 'geo': {'width': 270, 'height': 270, 'croped': False}, 'large': {'size': 'large', 'url': 'https://wx1.sinaimg.cn/large/a469cbf9gy1g9xeqtepzhj20wy0ww7fm.jpg', 'geo': {'width': '1186', 'height': '1184', 'croped': False}}}, {'pid': 'a469cbf9gy1g9xeqxgqc1j21a80ww7gj', 'url': 'https://wx1.sinaimg.cn/orj360/a469cbf9gy1g9xeqxgqc1j21a80ww7gj.jpg', 'size': 'orj360', 'geo': {'width': 379, 'height': 270, 'croped': False}, 'large': {'size': 'large', 'url': 'https://wx1.sinaimg.cn/large/a469cbf9gy1g9xeqxgqc1j21a80ww7gj.jpg', 'geo': {'width': '1664', 'height': '1184', 'croped': False}}}, {'pid': 'a469cbf9gy1g9xeqwd0zwj21dc0ww19q', 'url': 'https://wx4.sinaimg.cn/orj360/a469cbf9gy1g9xeqwd0zwj21dc0ww19q.jpg', 'size': 'orj360', 'geo': {'width': 405, 'height': 270, 'croped': False}, 'large': {'size': 'large', 'url': 'https://wx4.sinaimg.cn/large/a469cbf9gy1g9xeqwd0zwj21dc0ww19q.jpg', 'geo': {'width': '1776', 'height': '1184', 'croped': False}}}, {'pid': 'a469cbf9gy1g9xeqsyihxj21dc0wwk35', 'url': 'https://wx4.sinaimg.cn/orj360/a469cbf9gy1g9xeqsyihxj21dc0wwk35.jpg', 'size': 'orj360', 'geo': {'width': 405, 'height': 270, 'croped': False}, 'large': {'size': 'large', 'url': 'https://wx4.sinaimg.cn/large/a469cbf9gy1g9xeqsyihxj21dc0wwk35.jpg', 'geo': {'width': '1776', 'height': '1184', 'croped': False}}}, {'pid': 'a469cbf9gy1g9xevvem56j214y0ww4e2', 'url': 'https://wx2.sinaimg.cn/orj360/a469cbf9gy1g9xevvem56j214y0ww4e2.jpg', 'size': 'orj360', 'geo': {'width': 336, 'height': 270, 'croped': False}, 'large': {'size': 'large', 'url': 'https://wx2.sinaimg.cn/large/a469cbf9gy1g9xevvem56j214y0ww4e2.jpg', 'geo': {'width': '1474', 'height': '1184', 'croped': False}}}, {'pid': 'a469cbf9gy1g9xeqvv600j21dc0ww7mw', 'url': 'https://wx4.sinaimg.cn/orj360/a469cbf9gy1g9xeqvv600j21dc0ww7mw.jpg', 'size': 'orj360', 'geo': {'width': 405, 'height': 270, 'croped': False}, 'large': {'size': 'large', 'url': 'https://wx4.sinaimg.cn/large/a469cbf9gy1g9xeqvv600j21dc0ww7mw.jpg', 'geo': {'width': '1776', 'height': '1184', 'croped': False}}}, {'pid': 'a469cbf9gy1g9xew5pra3j20ww0wwtjl', 'url': 'https://wx4.sinaimg.cn/orj360/a469cbf9gy1g9xew5pra3j20ww0wwtjl.jpg', 'size': 'orj360', 'geo': {'width': 360, 'height': 360, 'croped': False}, 'large': {'size': 'large', 'url': 'https://wx4.sinaimg.cn/large/a469cbf9gy1g9xew5pra3j20ww0wwtjl.jpg', 'geo': {'width': '1184', 'height': '1184', 'croped': False}}}]"
Zuå°zu,ç”¨æ©„æ¦„æ²¹ç»†ç«æ…¢ç… æ’’ä¸Šçµé­‚é»„è±†ç²‰ è½¯ç³¯ç»†è…»ä½†ä¸€ç‚¹ä¹Ÿä¸ç”œè…» å®Œå…¨ä¸å¤Ÿåƒå˜›ï¼@treeseatree å®ˆç€ç³ç²‘ä¸‹æ¬¡ä¸Šæ¶å•¦ã€‚ ,{},"[{'pid': 'a469cbf9ly1g9pe4g4epbj20ww0ww134', 'url': 'https://wx2.sinaimg.cn/orj360/a469cbf9ly1g9pe4g4epbj20ww0ww134.jpg', 'size': 'orj360', 'geo': {'width': 360, 'height': 360, 'croped': False}, 'large': {'size': 'large', 'url': 'https://wx2.sinaimg.cn/large/a469cbf9ly1g9pe4g4epbj20ww0ww134.jpg', 'geo': {'width': '1184', 'height': '1184', 'croped': False}}}, {'pid': 'a469cbf9ly1g9pe4la2n0j21dc0ww13v', 'url': 'https://wx4.sinaimg.cn/orj360/a469cbf9ly1g9pe4la2n0j21dc0ww13v.jpg', 'size': 'orj360', 'geo': {'width': 405, 'height': 270, 'croped': False}, 'large': {'size': 'large', 'url': 'https://wx4.sinaimg.cn/large/a469cbf9ly1g9pe4la2n0j21dc0ww13v.jpg', 'geo': {'width': '1776', 'height': '1184', 'croped': False}}}, {'pid': 'a469cbf9ly1g9pe4gngkbj21dc0wwgz7', 'url': 'https://wx4.sinaimg.cn/orj360/a469cbf9ly1g9pe4gngkbj21dc0wwgz7.jpg', 'size': 'orj360', 'geo': {'width': 405, 'height': 270, 'croped': False}, 'large': {'size': 'large', 'url': 'https://wx4.sinaimg.cn/large/a469cbf9ly1g9pe4gngkbj21dc0wwgz7.jpg', 'geo': {'width': '1776', 'height': '1184', 'croped': False}}}, {'pid': 'a469cbf9ly1g9pe4m3cn4j21dc0wwds8', 'url': 'https://wx1.sinaimg.cn/orj360/a469cbf9ly1g9pe4m3cn4j21dc0wwds8.jpg', 'size': 'orj360', 'geo': {'width': 405, 'height': 270, 'croped': False}, 'large': {'size': 'large', 'url': 'https://wx1.sinaimg.cn/large/a469cbf9ly1g9pe4m3cn4j21dc0wwds8.jpg', 'geo': {'width': '1776', 'height': '1184', 'croped': False}}}, {'pid': 'a469cbf9ly1g9pe4fogjfj20qp0qpjxz', 'url': 'https://wx3.sinaimg.cn/orj360/a469cbf9ly1g9pe4fogjfj20qp0qpjxz.jpg', 'size': 'orj360', 'geo': {'width': 360, 'height': 360, 'croped': False}, 'large': {'size': 'large', 'url': 'https://wx3.sinaimg.cn/large/a469cbf9ly1g9pe4fogjfj20qp0qpjxz.jpg', 'geo': {'width': '961', 'height': '961', 'croped': False}}}, {'pid': 'a469cbf9ly1g9pe4etms5j20wy0wwtka', 'url': 'https://wx2.sinaimg.cn/orj360/a469cbf9ly1g9pe4etms5j20wy0wwtka.jpg', 'size': 'orj360', 'geo': {'width': 270, 'height': 270, 'croped': False}, 'large': {'size': 'large', 'url': 'https://wx2.sinaimg.cn/large/a469cbf9ly1g9pe4etms5j20wy0wwtka.jpg', 'geo': {'width': '1186', 'height': '1184', 'croped': False}}}, {'pid': 'a469cbf9gy1g9pemf2pz1j20wy0wwwqt', 'url': 'https://wx4.sinaimg.cn/orj360/a469cbf9gy1g9pemf2pz1j20wy0wwwqt.jpg', 'size': 'orj360', 'geo': {'width': 270, 'height': 270, 'croped': False}, 'large': {'size': 'large', 'url': 'https://wx4.sinaimg.cn/large/a469cbf9gy1g9pemf2pz1j20wy0wwwqt.jpg', 'geo': {'width': '1186', 'height': '1184', 'croped': False}}}, {'pid': 'a469cbf9ly1g9pea8slpxj21dc0ww7ok', 'url': 'https://wx2.sinaimg.cn/orj360/a469cbf9ly1g9pea8slpxj21dc0ww7ok.jpg', 'size': 'orj360', 'geo': {'width': 405, 'height': 270, 'croped': False}, 'large': {'size': 'large', 'url': 'https://wx2.sinaimg.cn/large/a469cbf9ly1g9pea8slpxj21dc0ww7ok.jpg', 'geo': {'width': '1776', 'height': '1184', 'croped': False}}}, {'pid': 'a469cbf9gy1g9pemn3m7pj21dc0wwjzl', 'url': 'https://wx1.sinaimg.cn/orj360/a469cbf9gy1g9pemn3m7pj21dc0wwjzl.jpg', 'size': 'orj360', 'geo': {'width': 405, 'height': 270, 'croped': False}, 'large': {'size': 'large', 'url': 'https://wx1.sinaimg.cn/large/a469cbf9gy1g9pemn3m7pj21dc0wwjzl.jpg', 'geo': {'width': '1776', 'height': '1184', 'croped': False}}}]"
Zuå°zu,å¬ç€å°é‡ä¸½èï¼Œçªåœ¨å®¶é‡Œåšæš–æš–çš„é£Ÿç‰©.ç»™äº†å°‘è®¸çŒªæ²¹çš„è”¬èœé”…é²œç”œæäº†.å†¬æ—¥é‡Œå¯¹è–¯é¥¼è˜¸ç•ªèŒ„é…±å°¤ä¸ºç€è¿·ï¼Œæ˜¯æ¯å‘¨éƒ½æœ‰åšæŒè¿åŠ¨ä¸ºé¦‹å˜´çš„è‡ªå·±å¯»æ±‚ä¸€ç‚¹è‡ªæˆ‘å®‰æ…°ä¹ˆ(ç¬‘)ã€‚ ,{},"[{'pid': 'a469cbf9gy1g9964fv9o2j21950wwduy', 'url': 'https://wx4.sinaimg.cn/orj360/a469cbf9gy1g9964fv9o2j21950wwduy.jpg', 'size': 'orj360', 'geo': {'width': 370, 'height': 270, 'croped': False}, 'large': {'size': 'large', 'url': 'https://wx4.sinaimg.cn/large/a469cbf9gy1g9964fv9o2j21950wwduy.jpg', 'geo': {'width': '1625', 'height': '1184', 'croped': False}}}, {'pid': 'a469cbf9gy1g996o5i76kj20ww154ka2', 'url': 'https://wx4.sinaimg.cn/orj360/a469cbf9gy1g996o5i76kj20ww154ka2.jpg', 'size': 'orj360', 'geo': {'width': 360, 'height': 450, 'croped': False}, 'large': {'size': 'large', 'url': 'https://wx4.sinaimg.cn/large/a469cbf9gy1g996o5i76kj20ww154ka2.jpg', 'geo': {'width': '1184', 'height': '1480', 'croped': False}}}, {'pid': 'a469cbf9gy1g9963zi2ifj21dc0wwtqy', 'url': 'https://wx2.sinaimg.cn/orj360/a469cbf9gy1g9963zi2ifj21dc0wwtqy.jpg', 'size': 'orj360', 'geo': {'width': 405, 'height': 270, 'croped': False}, 'large': {'size': 'large', 'url': 'https://wx2.sinaimg.cn/large/a469cbf9gy1g9963zi2ifj21dc0wwtqy.jpg', 'geo': {'width': '1776', 'height': '1184', 'croped': False}}}, {'pid': 'a469cbf9gy1g996421mmaj20wy0wwain', 'url': 'https://wx3.sinaimg.cn/orj360/a469cbf9gy1g996421mmaj20wy0wwain.jpg', 'size': 'orj360', 'geo': {'width': 270, 'height': 270, 'croped': False}, 'large': {'size': 'large', 'url': 'https://wx3.sinaimg.cn/large/a469cbf9gy1g996421mmaj20wy0wwain.jpg', 'geo': {'width': '1186', 'height': '1184', 'croped': False}}}, {'pid': 'a469cbf9gy1g9963z0ivxj20wy0wwqfi', 'url': 'https://wx4.sinaimg.cn/orj360/a469cbf9gy1g9963z0ivxj20wy0wwqfi.jpg', 'size': 'orj360', 'geo': {'width': 270, 'height': 270, 'croped': False}, 'large': {'size': 'large', 'url': 'https://wx4.sinaimg.cn/large/a469cbf9gy1g9963z0ivxj20wy0wwqfi.jpg', 'geo': {'width': '1186', 'height': '1184', 'croped': False}}}, {'pid': 'a469cbf9gy1g996d018f3j21dc0wwwsx', 'url': 'https://wx4.sinaimg.cn/orj360/a469cbf9gy1g996d018f3j21dc0wwwsx.jpg', 'size': 'orj360', 'geo': {'width': 405, 'height': 270, 'croped': False}, 'large': {'size': 'large', 'url': 'https://wx4.sinaimg.cn/large/a469cbf9gy1g996d018f3j21dc0wwwsx.jpg', 'geo': {'width': '1776', 'height': '1184', 'croped': False}}}, {'pid': 'a469cbf9gy1g996cbfwjlj21dc0wwaqf', 'url': 'https://wx2.sinaimg.cn/orj360/a469cbf9gy1g996cbfwjlj21dc0wwaqf.jpg', 'size': 'orj360', 'geo': {'width': 405, 'height': 270, 'croped': False}, 'large': {'size': 'large', 'url': 'https://wx2.sinaimg.cn/large/a469cbf9gy1g996cbfwjlj21dc0wwaqf.jpg', 'geo': {'width': '1776', 'height': '1184', 'croped': False}}}, {'pid': 'a469cbf9gy1g996samz12j21630wwwqx', 'url': 'https://wx3.sinaimg.cn/orj360/a469cbf9gy1g996samz12j21630wwwqx.jpg', 'size': 'orj360', 'geo': {'width': 345, 'height': 270, 'croped': False}, 'large': {'size': 'large', 'url': 'https://wx3.sinaimg.cn/large/a469cbf9gy1g996samz12j21630wwwqx.jpg', 'geo': {'width': '1515', 'height': '1184', 'croped': False}}}, {'pid': 'a469cbf9gy1g996qb50jyj20wy0wwgzx', 'url': 'https://wx1.sinaimg.cn/orj360/a469cbf9gy1g996qb50jyj20wy0wwgzx.jpg', 'size': 'orj360', 'geo': {'width': 270, 'height': 270, 'croped': False}, 'large': {'size': 'large', 'url': 'https://wx1.sinaimg.cn/large/a469cbf9gy1g996qb50jyj20wy0wwgzx.jpg', 'geo': {'width': '1186', 'height': '1184', 'croped': False}}}]"
Zuå°zu,å®Œç¾çš„å®¶ã€‚,{},{}
